Classe;CorsoTIPO;DESC_CLASSE;ISCED_F_1dgt;DESC_ISCED_F_1dgt;ISCED_F_2dgt;DESC_ISCED_F_2dgt;ISCED_F_3dgt;DESC_ISCED_F_3dgt;Area STEM
65/S;Laurea Specialistica - dm 509/99;Specialistiche in scienze dell'educazione degli adulti e della formazione continua;01;Education;011;Inter-disciplinary programmes and qualifications involving Information and Communication Technologies (ICTs);0111;Education science;No
LM-85 bis_BZ16;Laurea Magistrale a Ciclo Unico - dm 270/04;Scienze  della formazione primaria;01;Education;011;Education;0111;Education science;No
LM-85 bis_AO;Laurea Magistrale a Ciclo Unico - dm 270/04;Scienze della  formazione primaria;01;Education;011;Education;0111;Education science;No
LM-85 bis_UD;Laurea Magistrale a Ciclo Unico - dm 270/04;Scienze della formazione primaria;01;Education;011;Education;0111;Education science;No
LM-85bis_BZ17;Laurea Magistrale a Ciclo Unico - dm 270/04;Scienze della formazione primaria;01;Education;011;Education;0111;Education science;No
LM-85;Laurea Magistrale - dm 270/04;Scienze pedagogiche;01;Education;011;Education;0111;Education science;No
LM-85 bis;Laurea Magistrale a Ciclo Unico - dm 270/04;Scienze della formazione primaria;01;Education;011;Education;0111;Education science;No
87/S;Laurea Specialistica - dm 509/99;Specialistiche in scienze pedagogiche;01;Education;011;Education;0111;Education science;No
18-bis;Corso di Laurea - vecchio ordinamento;Scienze della Formazione Primaria - Quadriennale;01;Education;011;Education;0111;Education science;No
L-19;Laurea - dm 270/04;Scienze dell'educazione e della formazione;01;Education;011;Education;0111;Education science;No
LM-50;Laurea Magistrale - dm 270/04;Programmazione e gestione dei servizi educativi;01;Education;011;Education;0111;Education science;No
18;Laurea  - dm 509/99;Scienze dell'educazione e della formazione;01;Education;011;Education;0111;Education science;No
LM-57;Laurea Magistrale - dm 270/04;Scienze dell'educazione degli adulti e della formazione continua;01;Education;011;Education;0111;Education science;No
LM-93;Laurea Magistrale - dm 270/04;Teorie e metodologie dell'e-learning e della media education;01;Education;011;Education;0111;Education science;No
56/S;Laurea Specialistica - dm 509/99;Specialistiche in programmazione e gestione dei servizi educativi e formativi;01;Education;011;Education;0111;Education science;No
73/S;Laurea Specialistica - dm 509/99;Specialistiche in scienze dello spettacolo e della produzione multimediale;02;Arts and humanities;021;Arts;0211;Audio-visual techniques and media production;No
LM-65;Laurea Magistrale - dm 270/04;Scienze dello spettacolo e produzione multimediale;02;Arts and humanities;021;Arts;0211;Audio-visual techniques and media production;No
103/S;Laurea Specialistica - dm 509/99;Specialistiche in teorie e metodi del disegno industriale;02;Arts and humanities;021;Arts;0212;Fashion, interior and industrial design;No
LM-12;Laurea Magistrale - dm 270/04;Design;02;Arts and humanities;021;Arts;0212;Fashion, interior and industrial design;No
42;Laurea  - dm 509/99;Disegno industriale;02;Arts and humanities;021;Arts;0212;Fashion, interior and industrial design;No
L-04;Laurea - dm 270/04;Disegno industriale;02;Arts and humanities;021;Arts;0212;Fashion, interior and industrial design;No
L-01;Laurea - dm 270/04;Beni culturali;02;Arts and humanities;021;Arts;0213;Fine arts;No
LM-89;Laurea Magistrale - dm 270/04;Storia dell'arte;02;Arts and humanities;021;Arts;0213;Fine arts;No
13;Laurea  - dm 509/99;Scienze dei beni culturali;02;Arts and humanities;021;Arts;0213;Fine arts;No
95/S;Laurea Specialistica - dm 509/99;Specialistiche in storia dell'arte;02;Arts and humanities;021;Arts;0213;Fine arts;No
51/S;Laurea Specialistica - dm 509/99;Specialistiche in musicologia e beni musicali;02;Arts and humanities;021;Arts;0215;Music and performing arts;No
LM-45ab;Laurea Magistrale - dm 270/04;Musicologia e beni musicali (abilitazione A032);02;Arts and humanities;021;Arts;0215;Music and performing arts;No
LM-45;Laurea Magistrale - dm 270/04;Musicologia e beni musicali;02;Arts and humanities;021;Arts;0215;Music and performing arts;No
L-03;Laurea - dm 270/04;Discipline delle arti figurative, della musica, dello spettacolo e della moda;02;Arts and humanities;021;Arts;0219;Arts not elsewhere classified;No
23;Laurea  - dm 509/99;Scienze e tecnologie delle arti figurative, della musica, dello spettacolo e della moda;02;Arts and humanities;021;Arts;0219;Arts not elsewhere classified;No
LM-64;Laurea Magistrale - dm 270/04;Scienze delle religioni;02;Arts and humanities;022;Humanities (except languages);0221;Religion and theology;No
72/S;Laurea Specialistica - dm 509/99;Specialistiche in scienze delle religioni;02;Arts and humanities;022;Humanities (except languages);0221;Religion and theology;No
LM-84;Laurea Magistrale - dm 270/04;Scienze storiche;02;Arts and humanities;022;Humanities (except languages);0222;History and archaeology;No
L-42;Laurea - dm 270/04;Storia;02;Arts and humanities;022;Humanities (except languages);0222;History and archaeology;No
LM-02;Laurea Magistrale - dm 270/04;Archeologia;02;Arts and humanities;022;Humanities (except languages);0222;History and archaeology;No
98/S;Laurea Specialistica - dm 509/99;Specialistiche in storia moderna;02;Arts and humanities;022;Humanities (except languages);0222;History and archaeology;No
02/S;Laurea Specialistica - dm 509/99;Specialistiche in archeologia;02;Arts and humanities;022;Humanities (except languages);0222;History and archaeology;No
93/S;Laurea Specialistica - dm 509/99;Specialistiche in storia antica;02;Arts and humanities;022;Humanities (except languages);0222;History and archaeology;No
38;Laurea  - dm 509/99;Scienze storiche;02;Arts and humanities;022;Humanities (except languages);0222;History and archaeology;No
94/S;Laurea Specialistica - dm 509/99;Specialistiche in storia contemporanea;02;Arts and humanities;022;Humanities (except languages);0222;History and archaeology;No
LMR/02;Laurea Magistrale a Ciclo Unico - dm 270/04;Conservazione e restauro dei beni culturali;02;Arts and humanities;022;Humanities (except languages);0222;History and archaeology;No
97/S;Laurea Specialistica - dm 509/99;Specialistiche in storia medievale;02;Arts and humanities;022;Humanities (except languages);0222;History and archaeology;No
29;Laurea  - dm 509/99;Filosofia;02;Arts and humanities;022;Humanities (except languages);0223;Philosophy and ethics;No
17/S;Laurea Specialistica - dm 509/99;Specialistiche in filosofia e storia della scienza;02;Arts and humanities;022;Humanities (except languages);0223;Philosophy and ethics;No
18/S;Laurea Specialistica - dm 509/99;Specialistiche in filosofia teoretica, morale, politica ed estetica;02;Arts and humanities;022;Humanities (except languages);0223;Philosophy and ethics;No
LM-78;Laurea Magistrale - dm 270/04;Scienze filosofiche;02;Arts and humanities;022;Humanities (except languages);0223;Philosophy and ethics;No
96/S;Laurea Specialistica - dm 509/99;Specialistiche in storia della filosofia;02;Arts and humanities;022;Humanities (except languages);0223;Philosophy and ethics;No
L-05;Laurea - dm 270/04;Filosofia;02;Arts and humanities;022;Humanities (except languages);0223;Philosophy and ethics;No
LM-36;Laurea Magistrale - dm 270/04;Lingue e letterature dell'Africa e dell'Asia;02;Arts and humanities;023;Languages;0231;Language acquisition;No
03;Laurea  - dm 509/99;Scienze della mediazione linguistica;02;Arts and humanities;023;Languages;0231;Language acquisition;No
11;Laurea  - dm 509/99;Lingue e culture moderne;02;Arts and humanities;023;Languages;0231;Language acquisition;No
L-12;Laurea - dm 270/04;Mediazione linguistica;02;Arts and humanities;023;Languages;0231;Language acquisition;No
LM-39;Laurea Magistrale - dm 270/04;Linguistica;02;Arts and humanities;023;Languages;0231;Language acquisition;No
39/S;Laurea Specialistica - dm 509/99;Specialistiche in interpretariato di conferenza;02;Arts and humanities;023;Languages;0231;Language acquisition;No
LM-37;Laurea Magistrale - dm 270/04;Lingue e letterature moderne europee e americane;02;Arts and humanities;023;Languages;0231;Language acquisition;No
104/S;Laurea Specialistica - dm 509/99;Specialistiche in traduzione letteraria e in traduzione tecnico-scientifica;02;Arts and humanities;023;Languages;0231;Language acquisition;No
44/S;Laurea Specialistica - dm 509/99;Specialistiche in linguistica;02;Arts and humanities;023;Languages;0231;Language acquisition;No
43/S;Laurea Specialistica - dm 509/99;Specialistiche in lingue straniere per la comunicazione internazionale;02;Arts and humanities;023;Languages;0231;Language acquisition;No
42/S;Laurea Specialistica - dm 509/99;Specialistiche in lingue e letterature moderne euroamericane;02;Arts and humanities;023;Languages;0231;Language acquisition;No
41/S;Laurea Specialistica - dm 509/99;Specialistiche in lingue e letterature afroasiatiche;02;Arts and humanities;023;Languages;0231;Language acquisition;No
L-11;Laurea - dm 270/04;Lingue e culture moderne;02;Arts and humanities;023;Languages;0231;Language acquisition;No
LM-38;Laurea Magistrale - dm 270/04;Lingue moderne per la comunicazione e la cooperazione internazionale;02;Arts and humanities;023;Languages;0231;Language acquisition;No
LM-94;Laurea Magistrale - dm 270/04;Traduzione specialistica e interpretariato;02;Arts and humanities;023;Languages;0231;Language acquisition;No
LM-37ab;Laurea Magistrale - dm 270/04;Lingue e letterature moderne europee e americane (abilitazione A045);02;Arts and humanities;023;Languages;0231;Language acquisition;No
15/S;Laurea Specialistica - dm 509/99;Specialistiche in filologia e letterature dell'antichita;02;Arts and humanities;023;Languages;0232;Literature and linguistics;No
05;Laurea  - dm 509/99;Lettere;02;Arts and humanities;023;Languages;0232;Literature and linguistics;No
LM-15;Laurea Magistrale - dm 270/04;Filologia, letterature e storia dell'antichità;02;Arts and humanities;023;Languages;0232;Literature and linguistics;No
LM-14ab;Laurea Magistrale - dm 270/04;Filologia moderna (abilitazione A043);02;Arts and humanities;023;Languages;0232;Literature and linguistics;No
40/S;Laurea Specialistica - dm 509/99;Specialistiche in lingua e cultura italiana;02;Arts and humanities;023;Languages;0232;Literature and linguistics;No
LM-14;Laurea Magistrale - dm 270/04;Filologia moderna;02;Arts and humanities;023;Languages;0232;Literature and linguistics;No
16/S;Laurea Specialistica - dm 509/99;Specialistiche in filologia moderna;02;Arts and humanities;023;Languages;0232;Literature and linguistics;No
L-10;Laurea - dm 270/04;Lettere;02;Arts and humanities;023;Languages;0232;Literature and linguistics;No
11/S;Laurea Specialistica - dm 509/99;Specialistiche in conservazione dei beni scientifici e della civilta industriale;02;Arts and humanities;028;Inter-disciplinary programmes and qualifications involving arts and humanities;0288;Inter-disciplinary programmes and qualifications involving arts and humanities;No
28;Laurea  - dm 509/99;Scienze economiche;03;Social sciences, journalism and information;031;Social and behavioural sciences;0311;Economics;No
L-33;Laurea - dm 270/04;Scienze economiche;03;Social sciences, journalism and information;031;Social and behavioural sciences;0311;Economics;No
64/S;Laurea Specialistica - dm 509/99;Specialistiche in scienze dell'economia;03;Social sciences, journalism and information;031;Social and behavioural sciences;0311;Economics;No
LM-56;Laurea Magistrale - dm 270/04;Scienze dell'economia;03;Social sciences, journalism and information;031;Social and behavioural sciences;0311;Economics;No
LM-63;Laurea Magistrale - dm 270/04;Scienze delle pubbliche amministrazioni;03;Social sciences, journalism and information;031;Social and behavioural sciences;0312;Political sciences and civics;No
71/S;Laurea Specialistica - dm 509/99;Specialistiche in scienze delle pubbliche amministrazioni;03;Social sciences, journalism and information;031;Social and behavioural sciences;0312;Political sciences and civics;No
70/S;Laurea Specialistica - dm 509/99;Specialistiche in scienze della politica;03;Social sciences, journalism and information;031;Social and behavioural sciences;0312;Political sciences and civics;No
LM-62;Laurea Magistrale - dm 270/04;Scienze della politica;03;Social sciences, journalism and information;031;Social and behavioural sciences;0312;Political sciences and civics;No
LM-90;Laurea Magistrale - dm 270/04;Studi europei;03;Social sciences, journalism and information;031;Social and behavioural sciences;0312;Political sciences and civics;No
88/S;Laurea Specialistica - dm 509/99;Specialistiche in scienze per la cooperazione allo sviluppo;03;Social sciences, journalism and information;031;Social and behavioural sciences;0312;Political sciences and civics;No
15;Laurea  - dm 509/99;Scienze politiche e delle relazioni internazionali;03;Social sciences, journalism and information;031;Social and behavioural sciences;0312;Political sciences and civics;No
L-16;Laurea - dm 270/04;Scienze dell'amministrazione e dell'organizzazione;03;Social sciences, journalism and information;031;Social and behavioural sciences;0312;Political sciences and civics;No
19;Laurea  - dm 509/99;Scienze dell'amministrazione;03;Social sciences, journalism and information;031;Social and behavioural sciences;0312;Political sciences and civics;No
35;Laurea  - dm 509/99;Scienze sociali per la cooperazione, lo sviluppo e la pace;03;Social sciences, journalism and information;031;Social and behavioural sciences;0312;Political sciences and civics;No
LM-81;Laurea Magistrale - dm 270/04;Scienze per la cooperazione allo sviluppo;03;Social sciences, journalism and information;031;Social and behavioural sciences;0312;Political sciences and civics;No
L-37;Laurea - dm 270/04;Scienze sociali per la cooperazione, lo sviluppo e la pace;03;Social sciences, journalism and information;031;Social and behavioural sciences;0312;Political sciences and civics;No
L-36;Laurea - dm 270/04;Scienze politiche e delle relazioni internazionali;03;Social sciences, journalism and information;031;Social and behavioural sciences;0312;Political sciences and civics;No
60/S;Laurea Specialistica - dm 509/99;Specialistiche in relazioni internazionali;03;Social sciences, journalism and information;031;Social and behavioural sciences;0312;Political sciences and civics;No
LM-52;Laurea Magistrale - dm 270/04;Relazioni internazionali;03;Social sciences, journalism and information;031;Social and behavioural sciences;0312;Political sciences and civics;No
99/S;Laurea Specialistica - dm 509/99;Specialistiche in studi europei;03;Social sciences, journalism and information;031;Social and behavioural sciences;0312;Political sciences and civics;No
L-24;Laurea - dm 270/04;Scienze e tecniche psicologiche;03;Social sciences, journalism and information;031;Social and behavioural sciences;0313;Psychology;No
LM-51;Laurea Magistrale - dm 270/04;Psicologia;03;Social sciences, journalism and information;031;Social and behavioural sciences;0313;Psychology;No
58/S;Laurea Specialistica - dm 509/99;Specialistiche in psicologia;03;Social sciences, journalism and information;031;Social and behavioural sciences;0313;Psychology;No
34;Laurea  - dm 509/99;Scienze e tecniche psicologiche;03;Social sciences, journalism and information;031;Social and behavioural sciences;0313;Psychology;No
LM-55;Laurea Magistrale - dm 270/04;Scienze cognitive;03;Social sciences, journalism and information;031;Social and behavioural sciences;0313;Psychology;No
63/S;Laurea Specialistica - dm 509/99;Specialistiche in scienze cognitive;03;Social sciences, journalism and information;031;Social and behavioural sciences;0313;Psychology;No
30;Laurea  - dm 509/99;Scienze geografiche;03;Social sciences, journalism and information;031;Social and behavioural sciences;0314;Sociology and cultural studies;No
LM-01;Laurea Magistrale - dm 270/04;Antropologia culturale ed etnologia;03;Social sciences, journalism and information;031;Social and behavioural sciences;0314;Sociology and cultural studies;No
L/SC;Laurea - dm 270/04;Scienze criminologiche e della sicurezza;03;Social sciences, journalism and information;031;Social and behavioural sciences;0314;Sociology and cultural studies;No
L-40;Laurea - dm 270/04;Sociologia;03;Social sciences, journalism and information;031;Social and behavioural sciences;0314;Sociology and cultural studies;No
01/S;Laurea Specialistica - dm 509/99;Specialistiche in antropologia culturale ed etnologia;03;Social sciences, journalism and information;031;Social and behavioural sciences;0314;Sociology and cultural studies;No
89/S;Laurea Specialistica - dm 509/99;Specialistiche in sociologia;03;Social sciences, journalism and information;031;Social and behavioural sciences;0314;Sociology and cultural studies;No
LM-80;Laurea Magistrale - dm 270/04;Scienze geografiche;03;Social sciences, journalism and information;031;Social and behavioural sciences;0314;Sociology and cultural studies;No
L-06;Laurea - dm 270/04;Geografia;03;Social sciences, journalism and information;031;Social and behavioural sciences;0314;Sociology and cultural studies;No
21/S;Laurea Specialistica - dm 509/99;Specialistiche in geografia;03;Social sciences, journalism and information;031;Social and behavioural sciences;0314;Sociology and cultural studies;No
LM-88;Laurea Magistrale - dm 270/04;Sociologia e ricerca sociale;03;Social sciences, journalism and information;031;Social and behavioural sciences;0314;Sociology and cultural studies;No
49/S;Laurea Specialistica - dm 509/99;Specialistiche in metodi per la ricerca empirica nelle scienze sociali;03;Social sciences, journalism and information;031;Social and behavioural sciences;0314;Sociology and cultural studies;No
LM/SC;Laurea Magistrale - dm 270/04;Scienze criminologiche applicate all'investigazione e alla sicurezza;03;Social sciences, journalism and information;031;Social and behavioural sciences;0314;Sociology and cultural studies;No
36;Laurea  - dm 509/99;Scienze sociologiche;03;Social sciences, journalism and information;031;Social and behavioural sciences;0314;Sociology and cultural studies;No
DS1/S;Laurea Specialistica - dm 509/99;Specialistiche nelle scienze della difesa e della sicurezza;03;Social sciences, journalism and information;031;Social and behavioural sciences;0319;Social and behavioural sciences not elsewhere classified;No
LM/DS;Laurea Magistrale - dm 270/04;Scienze della difesa e della sicurezza;03;Social sciences, journalism and information;031;Social and behavioural sciences;0319;Social and behavioural sciences not elsewhere classified;No
L/DS;Laurea - dm 270/04;Scienze della difesa e della sicurezza;03;Social sciences, journalism and information;031;Social and behavioural sciences;0319;Social and behavioural sciences not elsewhere classified;No
DS1;Laurea  - dm 509/99;Scienze della difesa e della sicurezza;03;Social sciences, journalism and information;031;Social and behavioural sciences;0319;Social and behavioural sciences not elsewhere classified;No
L-20;Laurea - dm 270/04;Scienze della comunicazione;03;Social sciences, journalism and information;032;Journalism and information;0321;Journalism and reporting;No
13/S;Laurea Specialistica - dm 509/99;Specialistiche in editoria, comunicazione multimediale e giornalismo;03;Social sciences, journalism and information;032;Journalism and information;0321;Journalism and reporting;No
14;Laurea  - dm 509/99;Scienze della comunicazione;03;Social sciences, journalism and information;032;Journalism and information;0321;Journalism and reporting;No
101/S;Laurea Specialistica - dm 509/99;Specialistiche in teoria della comunicazione;03;Social sciences, journalism and information;032;Journalism and information;0321;Journalism and reporting;No
LM-92;Laurea Magistrale - dm 270/04;Teorie della comunicazione;03;Social sciences, journalism and information;032;Journalism and information;0321;Journalism and reporting;No
LM-19;Laurea Magistrale - dm 270/04;Informazione e sistemi editoriali;03;Social sciences, journalism and information;032;Journalism and information;0321;Journalism and reporting;No
LM-59;Laurea Magistrale - dm 270/04;Scienze della comunicazione pubblica, d'impresa e pubblicità;03;Social sciences, journalism and information;032;Journalism and information;0321;Journalism and reporting;No
67/S;Laurea Specialistica - dm 509/99;Specialistiche in scienze della comunicazione sociale e istituzionale;03;Social sciences, journalism and information;032;Journalism and information;0321;Journalism and reporting;No
LM-05;Laurea Magistrale - dm 270/04;Archivistica e biblioteconomia;03;Social sciences, journalism and information;032;Journalism and information;0322;Library, information and archival studies;No
05/S;Laurea Specialistica - dm 509/99;Specialistiche in archivistica e biblioteconomia;03;Social sciences, journalism and information;032;Journalism and information;0322;Library, information and archival studies;No
LM-43;Laurea Magistrale - dm 270/04;Metodologie informatiche per le discipline umanistiche;03;Social sciences, journalism and information;032;Journalism and information;0322;Library, information and archival studies;No
24/S;Laurea Specialistica - dm 509/99;Specialistiche in informatica per le discipline umanistiche;03;Social sciences, journalism and information;032;Journalism and information;0322;Library, information and archival studies;No
LM-16;Laurea Magistrale - dm 270/04;Finanza;04;Business, administration and law;041;Business and administration;0412;Finance, banking and insurance;No
19/S;Laurea Specialistica - dm 509/99;Specialistiche in finanza;04;Business, administration and law;041;Business and administration;0412;Finance, banking and insurance;No
LM-77;Laurea Magistrale - dm 270/04;Scienze economico-aziendali;04;Business, administration and law;041;Business and administration;0413;Management and administration;No
84/S;Laurea Specialistica - dm 509/99;Specialistiche in scienze economico-aziendali;04;Business, administration and law;041;Business and administration;0413;Management and administration;No
L-18;Laurea - dm 270/04;Scienze dell'economia e della gestione aziendale;04;Business, administration and law;041;Business and administration;0413;Management and administration;No
17;Laurea  - dm 509/99;Scienze dell'economia e della gestione aziendale;04;Business, administration and law;041;Business and administration;0413;Management and administration;No
59/S;Laurea Specialistica - dm 509/99;Specialistiche in pubblicita e comunicazione d'impresa;04;Business, administration and law;041;Business and administration;0414;Marketing and advertising;No
L/GASTR;Laurea - dm 270/04;Scienze, culture e politiche della gastronomia;04;Business, administration and law;041;Business and administration;0419;Business and administration not elsewhere classified;No
LM-76;Laurea Magistrale - dm 270/04;Scienze economiche per l'ambiente e la cultura;04;Business, administration and law;041;Business and administration;0419;Business and administration not elsewhere classified;No
83/S;Laurea Specialistica - dm 509/99;Specialistiche in scienze economiche per l'ambiente e la cultura;04;Business, administration and law;041;Business and administration;0419;Business and administration not elsewhere classified;No
LM/GASTR;Laurea Magistrale - dm 270/04;Scienze economiche  e sociali della gastronomia;04;Business, administration and law;041;Business and administration;0419;Business and administration not elsewhere classified;No
22/S;Laurea Specialistica - dm 509/99;Specialistiche in giurisprudenza;04;Business, administration and law;042;Law;0421;Law;No
LM/SC-GIUR;Laurea Magistrale - dm 270/04;Scienze Giuridiche;04;Business, administration and law;042;Law;0421;Law;No
31-bis;Corso di Laurea - vecchio ordinamento;Scienze giuridiche - Quinquennale;04;Business, administration and law;042;Law;0421;Law;No
31;Laurea  - dm 509/99;Scienze giuridiche;04;Business, administration and law;042;Law;0421;Law;No
L-14;Laurea - dm 270/04;Scienze dei servizi giuridici;04;Business, administration and law;042;Law;0421;Law;No
LMG/01;Laurea Magistrale a Ciclo Unico - dm 270/04;Magistrali in giurisprudenza;04;Business, administration and law;042;Law;0421;Law;No
102/S;Laurea Specialistica - dm 509/99;Specialistiche in teoria e tecniche della normazione e dell'informazione giuridica;04;Business, administration and law;042;Law;0421;Law;No
02;Laurea  - dm 509/99;Scienze dei servizi giuridici;04;Business, administration and law;042;Law;0421;Law;No
06/S;Laurea Specialistica - dm 509/99;Specialistiche in biologia;05;Natural sciences, mathematics and statistics;051;Biological and related sciences;0511;Biology;Sì
LM-06;Laurea Magistrale - dm 270/04;Biologia;05;Natural sciences, mathematics and statistics;051;Biological and related sciences;0511;Biology;Sì
12;Laurea  - dm 509/99;Scienze biologiche;05;Natural sciences, mathematics and statistics;051;Biological and related sciences;0511;Biology;Sì
L-13;Laurea - dm 270/04;Scienze biologiche;05;Natural sciences, mathematics and statistics;051;Biological and related sciences;0511;Biology;Sì
01;Laurea  - dm 509/99;Biotecnologie;05;Natural sciences, mathematics and statistics;051;Biological and related sciences;0512;Biochemistry;Sì
09/S;Laurea Specialistica - dm 509/99;Specialistiche in biotecnologie mediche, veterinarie e farmaceutiche;05;Natural sciences, mathematics and statistics;051;Biological and related sciences;0512;Biochemistry;Sì
L-02;Laurea - dm 270/04;Biotecnologie;05;Natural sciences, mathematics and statistics;051;Biological and related sciences;0512;Biochemistry;Sì
07/S;Laurea Specialistica - dm 509/99;Specialistiche in biotecnologie agrarie;05;Natural sciences, mathematics and statistics;051;Biological and related sciences;0512;Biochemistry;Sì
LM-09;Laurea Magistrale - dm 270/04;Biotecnologie mediche, veterinarie e farmaceutiche;05;Natural sciences, mathematics and statistics;051;Biological and related sciences;0512;Biochemistry;Sì
LM-08;Laurea Magistrale - dm 270/04;Biotecnologie industriali;05;Natural sciences, mathematics and statistics;051;Biological and related sciences;0512;Biochemistry;Sì
LM-07;Laurea Magistrale - dm 270/04;Biotecnologie agrarie;05;Natural sciences, mathematics and statistics;051;Biological and related sciences;0512;Biochemistry;Sì
08/S;Laurea Specialistica - dm 509/99;Specialistiche in biotecnologie industriali;05;Natural sciences, mathematics and statistics;051;Biological and related sciences;0512;Biochemistry;Sì
LM-61;Laurea Magistrale - dm 270/04;Scienze della nutrizione umana;05;Natural sciences, mathematics and statistics;051;Biological and related sciences;0519;Biological and related sciences not elsewhere classified;Sì
69/S;Laurea Specialistica - dm 509/99;Specialistiche in scienze della nutrizione umana;05;Natural sciences, mathematics and statistics;051;Biological and related sciences;0519;Biological and related sciences not elsewhere classified;Sì
68/S;Laurea Specialistica - dm 509/99;Specialistiche in scienze della natura;05;Natural sciences, mathematics and statistics;052;Environment;0521;Environmental sciences;Sì
LM-75;Laurea Magistrale - dm 270/04;Scienze e tecnologie per l'ambiente e il territorio;05;Natural sciences, mathematics and statistics;052;Environment;0521;Environmental sciences;Sì
82/S;Laurea Specialistica - dm 509/99;Specialistiche in scienze e tecnologie per l'ambiente e il territorio;05;Natural sciences, mathematics and statistics;052;Environment;0521;Environmental sciences;Sì
LM-60;Laurea Magistrale - dm 270/04;Scienze della natura;05;Natural sciences, mathematics and statistics;052;Environment;0521;Environmental sciences;Sì
27;Laurea  - dm 509/99;Scienze e tecnologie per l'ambiente e la natura;05;Natural sciences, mathematics and statistics;052;Environment;0521;Environmental sciences;Sì
L-32;Laurea - dm 270/04;Scienze e tecnologie per l'ambiente e la natura;05;Natural sciences, mathematics and statistics;052;Environment;0521;Environmental sciences;Sì
12/S;Laurea Specialistica - dm 509/99;Specialistiche in conservazione e restauro del patrimonio storico-artistico;05;Natural sciences, mathematics and statistics;053;Physical sciences;0531;Chemistry;Sì
24;Laurea  - dm 509/99;Scienze e tecnologie farmaceutiche;05;Natural sciences, mathematics and statistics;053;Physical sciences;0531;Chemistry;Sì
81/S;Laurea Specialistica - dm 509/99;Specialistiche in scienze e tecnologie della chimica industriale;05;Natural sciences, mathematics and statistics;053;Physical sciences;0531;Chemistry;Sì
L-Sc.Mat.;Laurea - dm 270/04;Scienze dei Materiali;05;Natural sciences, mathematics and statistics;053;Physical sciences;0531;Chemistry;Sì
LM-54;Laurea Magistrale - dm 270/04;Scienze chimiche;05;Natural sciences, mathematics and statistics;053;Physical sciences;0531;Chemistry;Sì
LM-71;Laurea Magistrale - dm 270/04;Scienze e tecnologie della chimica industriale;05;Natural sciences, mathematics and statistics;053;Physical sciences;0531;Chemistry;Sì
41;Laurea  - dm 509/99;Tecnologie per la conservazione e il restauro dei beni culturali;05;Natural sciences, mathematics and statistics;053;Physical sciences;0531;Chemistry;Sì
62/S;Laurea Specialistica - dm 509/99;Specialistiche in scienze chimiche;05;Natural sciences, mathematics and statistics;053;Physical sciences;0531;Chemistry;Sì
LM-Sc.Mat.;Laurea Magistrale - dm 270/04;Scienze dei Materiali;05;Natural sciences, mathematics and statistics;053;Physical sciences;0531;Chemistry;Sì
21;Laurea  - dm 509/99;Scienze e tecnologie chimiche;05;Natural sciences, mathematics and statistics;053;Physical sciences;0531;Chemistry;Sì
L-27;Laurea - dm 270/04;Scienze e tecnologie chimiche;05;Natural sciences, mathematics and statistics;053;Physical sciences;0531;Chemistry;Sì
LM-11;Laurea Magistrale - dm 270/04;Scienze per la conservazione dei beni culturali;05;Natural sciences, mathematics and statistics;053;Physical sciences;0531;Chemistry;Sì
L-43;Laurea - dm 270/04;Diagnostica per la conservazione dei beni culturali;05;Natural sciences, mathematics and statistics;053;Physical sciences;0531;Chemistry;Sì
L-29;Laurea - dm 270/04;Scienze e tecnologie farmaceutiche;05;Natural sciences, mathematics and statistics;053;Physical sciences;0531;Chemistry;Sì
L-34;Laurea - dm 270/04;Scienze geologiche;05;Natural sciences, mathematics and statistics;053;Physical sciences;0532;Earth sciences;Sì
LM-79;Laurea Magistrale - dm 270/04;Scienze geofisiche;05;Natural sciences, mathematics and statistics;053;Physical sciences;0532;Earth sciences;Sì
16;Laurea  - dm 509/99;Scienze della Terra;05;Natural sciences, mathematics and statistics;053;Physical sciences;0532;Earth sciences;Sì
LM-74;Laurea Magistrale - dm 270/04;Scienze e tecnologie geologiche;05;Natural sciences, mathematics and statistics;053;Physical sciences;0532;Earth sciences;Sì
85/S;Laurea Specialistica - dm 509/99;Specialistiche in scienze geofisiche;05;Natural sciences, mathematics and statistics;053;Physical sciences;0532;Earth sciences;Sì
86/S;Laurea Specialistica - dm 509/99;Specialistiche in scienze geologiche;05;Natural sciences, mathematics and statistics;053;Physical sciences;0532;Earth sciences;Sì
L-30;Laurea - dm 270/04;Scienze e tecnologie fisiche;05;Natural sciences, mathematics and statistics;053;Physical sciences;0533;Physics;Sì
LM-58;Laurea Magistrale - dm 270/04;Scienze dell'universo;05;Natural sciences, mathematics and statistics;053;Physical sciences;0533;Physics;Sì
25;Laurea  - dm 509/99;Scienze e tecnologie fisiche;05;Natural sciences, mathematics and statistics;053;Physical sciences;0533;Physics;Sì
20/S;Laurea Specialistica - dm 509/99;Specialistiche in fisica;05;Natural sciences, mathematics and statistics;053;Physical sciences;0533;Physics;Sì
66/S;Laurea Specialistica - dm 509/99;Specialistiche in scienze dell'universo;05;Natural sciences, mathematics and statistics;053;Physical sciences;0533;Physics;Sì
LM-17;Laurea Magistrale - dm 270/04;Fisica;05;Natural sciences, mathematics and statistics;053;Physical sciences;0533;Physics;Sì
L-28;Laurea - dm 270/04;Scienze e tecnologie della navigazione;05;Natural sciences, mathematics and statistics;053;Physical sciences;0539;Physical sciences not elsewhere classified;Sì
LM-72;Laurea Magistrale - dm 270/04;Scienze e tecnologie della navigazione;05;Natural sciences, mathematics and statistics;053;Physical sciences;0539;Physical sciences not elsewhere classified;Sì
80/S;Laurea Specialistica - dm 509/99;Specialistiche in scienze e tecnologie dei sistemi di navigazione;05;Natural sciences, mathematics and statistics;053;Physical sciences;0539;Physical sciences not elsewhere classified;Sì
22;Laurea  - dm 509/99;Scienze e tecnologie della navigazione marittima e aerea;05;Natural sciences, mathematics and statistics;053;Physical sciences;0539;Physical sciences not elsewhere classified;Sì
LM-40;Laurea Magistrale - dm 270/04;Matematica;05;Natural sciences, mathematics and statistics;054;Mathematics and statistics;0541;Mathematics;Sì
45/S;Laurea Specialistica - dm 509/99;Specialistiche in matematica;05;Natural sciences, mathematics and statistics;054;Mathematics and statistics;0541;Mathematics;Sì
L-35;Laurea - dm 270/04;Scienze matematiche;05;Natural sciences, mathematics and statistics;054;Mathematics and statistics;0541;Mathematics;Sì
32;Laurea  - dm 509/99;Scienze matematiche;05;Natural sciences, mathematics and statistics;054;Mathematics and statistics;0541;Mathematics;Sì
LM-82;Laurea Magistrale - dm 270/04;Scienze statistiche;05;Natural sciences, mathematics and statistics;054;Mathematics and statistics;0542;Statistics;Sì
L-41;Laurea - dm 270/04;Statistica;05;Natural sciences, mathematics and statistics;054;Mathematics and statistics;0542;Statistics;Sì
48/S;Laurea Specialistica - dm 509/99;Specialistiche in metodi per l'analisi valutativa dei sistemi complessi;05;Natural sciences, mathematics and statistics;054;Mathematics and statistics;0542;Statistics;Sì
LM-83;Laurea Magistrale - dm 270/04;Scienze statistiche attuariali e finanziarie;05;Natural sciences, mathematics and statistics;054;Mathematics and statistics;0542;Statistics;Sì
90/S;Laurea Specialistica - dm 509/99;Specialistiche in statistica demografica e sociale;05;Natural sciences, mathematics and statistics;054;Mathematics and statistics;0542;Statistics;Sì
91/S;Laurea Specialistica - dm 509/99;Specialistiche in statistica economica, finanziaria ed attuariale;05;Natural sciences, mathematics and statistics;054;Mathematics and statistics;0542;Statistics;Sì
92/S;Laurea Specialistica - dm 509/99;Specialistiche in statistica per la ricerca sperimentale;05;Natural sciences, mathematics and statistics;054;Mathematics and statistics;0542;Statistics;Sì
37;Laurea  - dm 509/99;Scienze statistiche;05;Natural sciences, mathematics and statistics;054;Mathematics and statistics;0542;Statistics;Sì
LM-95;Laurea Magistrale - dm 270/04;Classe di abilitazione A059 - Matematica e scienze nella scuola secondaria di I grado;05;Natural sciences, mathematics and statistics;058;Inter-disciplinary programmes and qualifications involving natural sciences, mathematics and statistics;0588;Inter-disciplinary programmes and qualifications involving natural sciences, mathematics and statistics;Sì
23/S;Laurea Specialistica - dm 509/99;Specialistiche in informatica;06;Information and Communication Technologies (ICTs);061;Information and Communication Technologies (ICTs);0610;Information and Communication Technologies (ICTs) not further defined;Sì
LM-18;Laurea Magistrale - dm 270/04;Informatica;06;Information and Communication Technologies (ICTs);061;Information and Communication Technologies (ICTs);0610;Information and Communication Technologies (ICTs) not further defined;Sì
26;Laurea  - dm 509/99;Scienze e tecnologie informatiche;06;Information and Communication Technologies (ICTs);061;Information and Communication Technologies (ICTs);0610;Information and Communication Technologies (ICTs) not further defined;Sì
L-31;Laurea - dm 270/04;Scienze e tecnologie informatiche;06;Information and Communication Technologies (ICTs);061;Information and Communication Technologies (ICTs);0610;Information and Communication Technologies (ICTs) not further defined;Sì
100/S;Laurea Specialistica - dm 509/99;Specialistiche in tecniche e metodi per la societa dell'informazione;06;Information and Communication Technologies (ICTs);061;Information and Communication Technologies (ICTs);0612;Database and network design and administration;Sì
LM-66;Laurea Magistrale - dm 270/04;Sicurezza informatica;06;Information and Communication Technologies (ICTs);061;Information and Communication Technologies (ICTs);0612;Database and network design and administration;Sì
LM-91;Laurea Magistrale - dm 270/04;Tecniche e metodi per la societa dell'informazione;06;Information and Communication Technologies (ICTs);061;Information and Communication Technologies (ICTs);0612;Database and network design and administration;Sì
LM-Data;Laurea Magistrale - dm 270/04;Data Science;06;Information and Communication Technologies (ICTs);068;Inter-disciplinary programmes and qualifications involving Information and Communication Technologies (ICTs);0688;Inter-disciplinary programmes and qualifications involving Information and Communication Technologies (ICTs);Sì
LM-96;Laurea Magistrale - dm 270/04;Classe di abilitazione A033 - Tecnologia;07;Engineering, manufacturing and construction;071;Engineering and engineering trades;0710;Engineering and engineering trades not further defined;Sì
27/S;Laurea Specialistica - dm 509/99;Specialistiche in ingegneria chimica;07;Engineering, manufacturing and construction;071;Engineering and engineering trades;0711;Chemical engineering and processes;Sì
LM-22;Laurea Magistrale - dm 270/04;Ingegneria chimica;07;Engineering, manufacturing and construction;071;Engineering and engineering trades;0711;Chemical engineering and processes;Sì
31/S;Laurea Specialistica - dm 509/99;Specialistiche in ingegneria elettrica;07;Engineering, manufacturing and construction;071;Engineering and engineering trades;0713;Electricity and energy;Sì
LM-28;Laurea Magistrale - dm 270/04;Ingegneria elettrica;07;Engineering, manufacturing and construction;071;Engineering and engineering trades;0713;Electricity and energy;Sì
LM-30;Laurea Magistrale - dm 270/04;Ingegneria energetica e nucleare;07;Engineering, manufacturing and construction;071;Engineering and engineering trades;0713;Electricity and energy;Sì
33/S;Laurea Specialistica - dm 509/99;Specialistiche in ingegneria energetica e nucleare;07;Engineering, manufacturing and construction;071;Engineering and engineering trades;0713;Electricity and energy;Sì
32/S;Laurea Specialistica - dm 509/99;Specialistiche in ingegneria elettronica;07;Engineering, manufacturing and construction;071;Engineering and engineering trades;0714;Electronics and automation;Sì
35/S;Laurea Specialistica - dm 509/99;Specialistiche in ingegneria informatica;07;Engineering, manufacturing and construction;071;Engineering and engineering trades;0714;Electronics and automation;Sì
30/S;Laurea Specialistica - dm 509/99;Specialistiche in ingegneria delle telecomunicazioni;07;Engineering, manufacturing and construction;071;Engineering and engineering trades;0714;Electronics and automation;Sì
09;Laurea  - dm 509/99;Ingegneria dell'informazione;07;Engineering, manufacturing and construction;071;Engineering and engineering trades;0714;Electronics and automation;Sì
29/S;Laurea Specialistica - dm 509/99;Specialistiche in ingegneria dell'automazione;07;Engineering, manufacturing and construction;071;Engineering and engineering trades;0714;Electronics and automation;Sì
LM-29;Laurea Magistrale - dm 270/04;Ingegneria elettronica;07;Engineering, manufacturing and construction;071;Engineering and engineering trades;0714;Electronics and automation;Sì
LM-25;Laurea Magistrale - dm 270/04;Ingegneria dell'automazione;07;Engineering, manufacturing and construction;071;Engineering and engineering trades;0714;Electronics and automation;Sì
LM-27;Laurea Magistrale - dm 270/04;Ingegneria delle telecomunicazioni;07;Engineering, manufacturing and construction;071;Engineering and engineering trades;0714;Electronics and automation;Sì
LM-32;Laurea Magistrale - dm 270/04;Ingegneria informatica;07;Engineering, manufacturing and construction;071;Engineering and engineering trades;0714;Electronics and automation;Sì
L-08;Laurea - dm 270/04;Ingegneria dell'informazione;07;Engineering, manufacturing and construction;071;Engineering and engineering trades;0714;Electronics and automation;Sì
36/S;Laurea Specialistica - dm 509/99;Specialistiche in ingegneria meccanica;07;Engineering, manufacturing and construction;071;Engineering and engineering trades;0715;Mechanics and metal trades;Sì
LM-33;Laurea Magistrale - dm 270/04;Ingegneria meccanica;07;Engineering, manufacturing and construction;071;Engineering and engineering trades;0715;Mechanics and metal trades;Sì
LM-34;Laurea Magistrale - dm 270/04;Ingegneria navale;07;Engineering, manufacturing and construction;071;Engineering and engineering trades;0716;Motor vehicles, ships and aircraft;Sì
25/S;Laurea Specialistica - dm 509/99;Specialistiche in ingegneria aerospaziale e astronautica;07;Engineering, manufacturing and construction;071;Engineering and engineering trades;0716;Motor vehicles, ships and aircraft;Sì
37/S;Laurea Specialistica - dm 509/99;Specialistiche in ingegneria navale;07;Engineering, manufacturing and construction;071;Engineering and engineering trades;0716;Motor vehicles, ships and aircraft;Sì
LM-20;Laurea Magistrale - dm 270/04;Ingegneria aerospaziale e astronautica;07;Engineering, manufacturing and construction;071;Engineering and engineering trades;0716;Motor vehicles, ships and aircraft;Sì
34/S;Laurea Specialistica - dm 509/99;Specialistiche in ingegneria gestionale;07;Engineering, manufacturing and construction;071;Engineering and engineering trades;0719;Engineering and engineering trades not elsewhere classified;Sì
L-09;Laurea - dm 270/04;Ingegneria industriale;07;Engineering, manufacturing and construction;071;Engineering and engineering trades;0719;Engineering and engineering trades not elsewhere classified;Sì
LM-26;Laurea Magistrale - dm 270/04;Ingegneria della sicurezza;07;Engineering, manufacturing and construction;071;Engineering and engineering trades;0719;Engineering and engineering trades not elsewhere classified;Sì
L-P03;Laurea - dm 270/04;Professioni tecniche industriali e dell’informazione;07;Engineering, manufacturing and construction;071;Engineering and engineering trades;0719;Engineering and engineering trades not elsewhere classified;Sì
26/S;Laurea Specialistica - dm 509/99;Specialistiche in ingegneria biomedica;07;Engineering, manufacturing and construction;071;Engineering and engineering trades;0719;Engineering and engineering trades not elsewhere classified;Sì
LM-31;Laurea Magistrale - dm 270/04;Ingegneria gestionale;07;Engineering, manufacturing and construction;071;Engineering and engineering trades;0719;Engineering and engineering trades not elsewhere classified;Sì
10;Laurea  - dm 509/99;Ingegneria industriale;07;Engineering, manufacturing and construction;071;Engineering and engineering trades;0719;Engineering and engineering trades not elsewhere classified;Sì
LM-21;Laurea Magistrale - dm 270/04;Ingegneria biomedica;07;Engineering, manufacturing and construction;071;Engineering and engineering trades;0719;Engineering and engineering trades not elsewhere classified;Sì
LM-44;Laurea Magistrale - dm 270/04;Modellistica matematico-fisica per l'ingegneria;07;Engineering, manufacturing and construction;071;Engineering and engineering trades;0719;Engineering and engineering trades not elsewhere classified;Sì
50/S;Laurea Specialistica - dm 509/99;Specialistiche in modellistica matematico-fisica per l'ingegneria;07;Engineering, manufacturing and construction;071;Engineering and engineering trades;0719;Engineering and engineering trades not elsewhere classified;Sì
LM-53ante21;Laurea Magistrale - dm 270/04;Scienza e ingegneria dei materiali;07;Engineering, manufacturing and construction;072;Manufacturing and processing;0722;Materials (glass, paper, plastic and wood);Sì
LM-53;Laurea Magistrale - dm 270/04;Ingegneria dei materiali;07;Engineering, manufacturing and construction;072;Manufacturing and processing;0722;Materials (glass, paper, plastic and wood);Sì
61/S;Laurea Specialistica - dm 509/99;Specialistiche in scienza e ingegneria dei materiali;07;Engineering, manufacturing and construction;072;Manufacturing and processing;0722;Materials (glass, paper, plastic and wood);Sì
L-P01;Laurea - dm 270/04;Professioni tecniche per l'edilizia e il territorio;07;Engineering, manufacturing and construction;073;Architecture and construction;0730;Architecture and construction not further defined;Sì
04/S;Laurea Specialistica - dm 509/99;Specialistiche in architettura e ingegneria edile;07;Engineering, manufacturing and construction;073;Architecture and construction;0730;Architecture and construction not further defined;Sì
LM-04cu;Laurea Magistrale a Ciclo Unico - dm 270/04;Architettura e ingegneria edile-architettura (quinquennale);07;Engineering, manufacturing and construction;073;Architecture and construction;0730;Architecture and construction not further defined;Sì
04/S-cu;Laurea Specialistica a Ciclo Unico - dm 509/99;Scienze dell'architettura e dell'ingegneria edile - Ciclo Unico;07;Engineering, manufacturing and construction;073;Architecture and construction;0730;Architecture and construction not further defined;Sì
LM-04;Laurea Magistrale - dm 270/04;Architettura e ingegneria edile-architettura;07;Engineering, manufacturing and construction;073;Architecture and construction;0730;Architecture and construction not further defined;Sì
LM-03;Laurea Magistrale - dm 270/04;Architettura del paesaggio;07;Engineering, manufacturing and construction;073;Architecture and construction;0731;Architecture and town planning;Sì
LM-10;Laurea Magistrale - dm 270/04;Conservazione dei beni architettonici e ambientali;07;Engineering, manufacturing and construction;073;Architecture and construction;0731;Architecture and town planning;Sì
54/S;Laurea Specialistica - dm 509/99;Specialistiche in pianificazione territoriale urbanistica e ambientale;07;Engineering, manufacturing and construction;073;Architecture and construction;0731;Architecture and town planning;Sì
LM-48;Laurea Magistrale - dm 270/04;Pianificazione territoriale urbanistica e ambientale;07;Engineering, manufacturing and construction;073;Architecture and construction;0731;Architecture and town planning;Sì
03/S;Laurea Specialistica - dm 509/99;Specialistiche in architettura del paesaggio;07;Engineering, manufacturing and construction;073;Architecture and construction;0731;Architecture and town planning;Sì
10/S;Laurea Specialistica - dm 509/99;Specialistiche in conservazione dei beni architettonici e ambientali;07;Engineering, manufacturing and construction;073;Architecture and construction;0731;Architecture and town planning;Sì
07;Laurea  - dm 509/99;Urbanistica e scienze della pianificazione territoriale e ambientale;07;Engineering, manufacturing and construction;073;Architecture and construction;0731;Architecture and town planning;Sì
L-21;Laurea - dm 270/04;Scienze della pianificazione territoriale, urbanistica, paesaggistica e ambientale;07;Engineering, manufacturing and construction;073;Architecture and construction;0731;Architecture and town planning;Sì
L-17;Laurea - dm 270/04;Scienze dell'architettura;07;Engineering, manufacturing and construction;073;Architecture and construction;0731;Architecture and town planning;Sì
04;Laurea  - dm 509/99;Scienze dell'architettura e dell'ingegneria edile;07;Engineering, manufacturing and construction;073;Architecture and construction;0731;Architecture and town planning;Sì
LM-24;Laurea Magistrale - dm 270/04;Ingegneria dei sistemi edilizi;07;Engineering, manufacturing and construction;073;Architecture and construction;0732;Building and civil engineering;Sì
L-07;Laurea - dm 270/04;Ingegneria civile e ambientale;07;Engineering, manufacturing and construction;073;Architecture and construction;0732;Building and civil engineering;Sì
LM-23;Laurea Magistrale - dm 270/04;Ingegneria civile;07;Engineering, manufacturing and construction;073;Architecture and construction;0732;Building and civil engineering;Sì
LM-35;Laurea Magistrale - dm 270/04;Ingegneria per l'ambiente e il territorio;07;Engineering, manufacturing and construction;073;Architecture and construction;0732;Building and civil engineering;Sì
L-23;Laurea - dm 270/04;Scienze e tecniche dell'edilizia;07;Engineering, manufacturing and construction;073;Architecture and construction;0732;Building and civil engineering;Sì
38/S;Laurea Specialistica - dm 509/99;Specialistiche in ingegneria per l'ambiente e il territorio;07;Engineering, manufacturing and construction;073;Architecture and construction;0732;Building and civil engineering;Sì
08;Laurea  - dm 509/99;Ingegneria civile e ambientale;07;Engineering, manufacturing and construction;073;Architecture and construction;0732;Building and civil engineering;Sì
28/S;Laurea Specialistica - dm 509/99;Specialistiche in ingegneria civile;07;Engineering, manufacturing and construction;073;Architecture and construction;0732;Building and civil engineering;Sì
L-26;Laurea - dm 270/04;Scienze e tecnologie alimentari;08;Agriculture, forestry, fisheries and veterinary;081;Agriculture;0811;Crop and livestock production;No
40;Laurea  - dm 509/99;Scienze e tecnologie zootecniche e delle produzioni animali;08;Agriculture, forestry, fisheries and veterinary;081;Agriculture;0811;Crop and livestock production;No
78/S;Laurea Specialistica - dm 509/99;Specialistiche in scienze e tecnologie agroalimentari;08;Agriculture, forestry, fisheries and veterinary;081;Agriculture;0811;Crop and livestock production;No
LM-86;Laurea Magistrale - dm 270/04;Scienze zootecniche e tecnologie  animali;08;Agriculture, forestry, fisheries and veterinary;081;Agriculture;0811;Crop and livestock production;No
79/S;Laurea Specialistica - dm 509/99;Specialistiche in scienze e tecnologie agrozootecniche;08;Agriculture, forestry, fisheries and veterinary;081;Agriculture;0811;Crop and livestock production;No
L-38;Laurea - dm 270/04;Scienze zootecniche e tecnologie delle produzioni animali;08;Agriculture, forestry, fisheries and veterinary;081;Agriculture;0811;Crop and livestock production;No
LM-70;Laurea Magistrale - dm 270/04;Scienze e tecnologie alimentari;08;Agriculture, forestry, fisheries and veterinary;081;Agriculture;0811;Crop and livestock production;No
77/S;Laurea Specialistica - dm 509/99;Specialistiche in scienze e tecnologie agrarie;08;Agriculture, forestry, fisheries and veterinary;081;Agriculture;0819;Agriculture not elsewhere classified;No
LM-69;Laurea Magistrale - dm 270/04;Scienze e tecnologie agrarie;08;Agriculture, forestry, fisheries and veterinary;081;Agriculture;0819;Agriculture not elsewhere classified;No
74/S;Laurea Specialistica - dm 509/99;Specialistiche in scienze e gestione delle risorse rurali e forestali;08;Agriculture, forestry, fisheries and veterinary;082;Forestry;0821;Forestry;No
LM-73;Laurea Magistrale - dm 270/04;Scienze e tecnologie forestali ed ambientali;08;Agriculture, forestry, fisheries and veterinary;082;Forestry;0821;Forestry;No
47/S;Laurea Specialistica a Ciclo Unico - dm 509/99;Specialistiche in medicina veterinaria;08;Agriculture, forestry, fisheries and veterinary;084;Veterinary;0841;Veterinary;No
LM-42;Laurea Magistrale a Ciclo Unico - dm 270/04;Medicina veterinaria;08;Agriculture, forestry, fisheries and veterinary;084;Veterinary;0841;Veterinary;No
L-25;Laurea - dm 270/04;Scienze e tecnologie agrarie e forestali;08;Agriculture, forestry, fisheries and veterinary;088;Inter-disciplinary programmes and qualifications involving agriculture, forestry, fisheries and veterinary;0888;Inter-disciplinary programmes and qualifications involving agriculture, forestry, fisheries and veterinary;No
20;Laurea  - dm 509/99;Scienze e tecnologie agrarie, agroalimentari e forestali;08;Agriculture, forestry, fisheries and veterinary;088;Inter-disciplinary programmes and qualifications involving agriculture, forestry, fisheries and veterinary;0888;Inter-disciplinary programmes and qualifications involving agriculture, forestry, fisheries and veterinary;No
L-P02;Laurea - dm 270/04;Professioni tecniche agrarie, alimentari e forestali;08;Agriculture, forestry, fisheries and veterinary;088;Inter-disciplinary programmes and qualifications involving agriculture, forestry, fisheries and veterinary;0888;Inter-disciplinary programmes and qualifications involving agriculture, forestry, fisheries and veterinary;No
52/S;Laurea Specialistica a Ciclo Unico - dm 509/99;Specialistiche in odontoiatria e protesi dentaria;09;Health and welfare;091;Health;0911;Dental studies;No
LM-46;Laurea Magistrale a Ciclo Unico - dm 270/04;Odontoiatria e protesi dentaria;09;Health and welfare;091;Health;0911;Dental studies;No
LM-41;Laurea Magistrale a Ciclo Unico - dm 270/04;Medicina e chirurgia;09;Health and welfare;091;Health;0912;Medicine;No
46/S;Laurea Specialistica a Ciclo Unico - dm 509/99;Specialistiche in medicina e chirurgia;09;Health and welfare;091;Health;0912;Medicine;No
LM/SNT1;Laurea Magistrale - dm 270/04;Scienze infermieristiche e ostetriche;09;Health and welfare;091;Health;0913;Nursing and midwifery;No
L/SNT1;Laurea - dm 270/04;Professioni sanitarie, infermieristiche e professione sanitaria ostetrica;09;Health and welfare;091;Health;0913;Nursing and midwifery;No
SNT1/S;Laurea Specialistica - dm 509/99;Specialistiche nelle scienze infermieristiche e ostetriche;09;Health and welfare;091;Health;0913;Nursing and midwifery;No
SNT1;Laurea  - dm 509/99;Professioni sanitarie, infermieristiche e professione sanitaria ostetrica;09;Health and welfare;091;Health;0913;Nursing and midwifery;No
LM/SNT3;Laurea Magistrale - dm 270/04;Scienze delle professioni sanitarie tecniche;09;Health and welfare;091;Health;0914;Medical diagnostic and treatment technology;No
SNT3;Laurea  - dm 509/99;Professioni sanitarie tecniche;09;Health and welfare;091;Health;0914;Medical diagnostic and treatment technology;No
L/SNT3;Laurea - dm 270/04;Professioni sanitarie tecniche;09;Health and welfare;091;Health;0914;Medical diagnostic and treatment technology;No
SNT3/S;Laurea Specialistica - dm 509/99;Specialistiche nelle scienze delle professioni sanitarie tecniche;09;Health and welfare;091;Health;0914;Medical diagnostic and treatment technology;No
L/SNT2;Laurea - dm 270/04;Professioni sanitarie della riabilitazione;09;Health and welfare;091;Health;0915;Therapy and rehabilitation;No
SNT2;Laurea  - dm 509/99;Professioni sanitarie della riabilitazione;09;Health and welfare;091;Health;0915;Therapy and rehabilitation;No
SNT2/S;Laurea Specialistica - dm 509/99;Specialistiche nelle scienze delle professioni sanitarie della riabilitazione;09;Health and welfare;091;Health;0915;Therapy and rehabilitation;No
L/SNT4;Laurea - dm 270/04;Professioni sanitarie della prevenzione;09;Health and welfare;091;Health;0915;Therapy and rehabilitation;No
LM-67ab;Laurea Magistrale - dm 270/04;Scienze e tecniche delle attività motorie preventive e adattate (abilitazione A030);09;Health and welfare;091;Health;0915;Therapy and rehabilitation;No
76/S;Laurea Specialistica - dm 509/99;Specialistiche in scienze e tecniche delle attivita motorie preventive e adattative;09;Health and welfare;091;Health;0915;Therapy and rehabilitation;No
LM/SNT4;Laurea Magistrale - dm 270/04;Scienze delle professioni sanitarie della prevenzione;09;Health and welfare;091;Health;0915;Therapy and rehabilitation;No
SNT4;Laurea  - dm 509/99;Professioni sanitarie della prevenzione;09;Health and welfare;091;Health;0915;Therapy and rehabilitation;No
LM/SNT2;Laurea Magistrale - dm 270/04;Scienze riabilitative delle professioni sanitarie;09;Health and welfare;091;Health;0915;Therapy and rehabilitation;No
LM-67;Laurea Magistrale - dm 270/04;Scienze e tecniche delle attività motorie preventive e adattate;09;Health and welfare;091;Health;0915;Therapy and rehabilitation;No
SNT4/S;Laurea Specialistica - dm 509/99;Specialistiche nelle scienze delle professioni sanitarie della prevenzione;09;Health and welfare;091;Health;0915;Therapy and rehabilitation;No
14/S;Laurea Specialistica a Ciclo Unico - dm 509/99;Specialistiche in farmacia e farmacia industriale;09;Health and welfare;091;Health;0916;Pharmacy;No
LM-13ante22;Laurea Magistrale a Ciclo Unico - dm 270/04;Farmacia e farmacia industriale;09;Health and welfare;091;Health;0916;Pharmacy;No
LM-13;Laurea Magistrale a Ciclo Unico - dm 270/04;Farmacia e farmacia industriale;09;Health and welfare;091;Health;0916;Pharmacy;No
06;Laurea  - dm 509/99;Scienze del servizio sociale;09;Health and welfare;092;Welfare;0923;Social work and counselling;No
LM-87;Laurea Magistrale - dm 270/04;Servizio sociale e politiche sociali;09;Health and welfare;092;Welfare;0923;Social work and counselling;No
57/S;Laurea Specialistica - dm 509/99;Specialistiche in programmazione e gestione delle politiche e dei servizi sociali;09;Health and welfare;092;Welfare;0923;Social work and counselling;No
L-39;Laurea - dm 270/04;Servizio sociale;09;Health and welfare;092;Welfare;0923;Social work and counselling;No
LM-47;Laurea Magistrale - dm 270/04;Organizzazione e gestione dei servizi per lo sport e le attività motorie;10;Services;101;Personal services;1014;Sports;No
75/S;Laurea Specialistica - dm 509/99;Specialistiche in scienze e tecnica dello sport;10;Services;101;Personal services;1014;Sports;No
LM-68;Laurea Magistrale - dm 270/04;Scienze e tecniche dello sport;10;Services;101;Personal services;1014;Sports;No
53/S;Laurea Specialistica - dm 509/99;Specialistiche in organizzazione e gestione dei servizi per lo sport e le attivita motorie;10;Services;101;Personal services;1014;Sports;No
L-22;Laurea - dm 270/04;Scienze delle attività motorie e sportive;10;Services;101;Personal services;1014;Sports;No
LM-68ab;Laurea Magistrale - dm 270/04;Scienze e tecniche dello sport (abilitazione A030);10;Services;101;Personal services;1014;Sports;No
33;Laurea  - dm 509/99;Scienze delle attivita motorie e sportive;10;Services;101;Personal services;1014;Sports;No
LM-49;Laurea Magistrale - dm 270/04;Progettazione e gestione dei sistemi turistici;10;Services;101;Personal services;1015;Travel, tourism and leisure;No
39;Laurea  - dm 509/99;Scienze del turismo;10;Services;101;Personal services;1015;Travel, tourism and leisure;No
L-15;Laurea - dm 270/04;Scienze del turismo;10;Services;101;Personal services;1015;Travel, tourism and leisure;No
55/S;Laurea Specialistica - dm 509/99;Specialistiche in progettazione e gestione dei sistemi turistici;10;Services;101;Personal services;1015;Travel, tourism and leisure;No
